Código OACI;CIAD;Nome;Município;UF;Latitude;Longitude;LatGeoPoint;LonGeoPoint;Operação;Tipo;Validade do Registro
SJEI;SP0613;New England;São Paulo;SP;23 33 09S;046 39 42W;-23.5525;-46.6617;VFR;PRIV;2023-12-28Z
SDGG;SP0335;Aché Faria Lima;São Paulo;SP;23 33 39S;046 41 39W;-23.5608;-46.6942;VFR;PRIV;2018-07-19Z
SDOH;SP0395;Pedreira Pau Pedra;Guarulhos;SP;23 21 03S;046 25 33W;-23.3508;-46.4258;VFR;PRIV;2018-07-19Z
SIGZ;SP0498;Represa;São Paulo;SP;23 37 02S;046 41 56W;-23.6172;-46.6989;VFR;PRIV;2018-07-19Z
SIMD;SP0526;Resedá Office;São Paulo;SP; 23 34 57.51S; 046 40 29.36W;-23.5825;-46.6747;VFR;PRIV;2025-08-10Z
SDKD;SP0370;Condomínio América Business Park;São Paulo;SP; 23 37 07S; 046 42 11W;-23.6186;-46.7031;VFR;PRIV;2018-07-19Z
SD6R;SP1095;Parque da Cidade Torre B3;São Paulo;SP; 23 37 30S; 046 42 14W;-23.625;-46.7039;VFR;PRIV;2021-03-18Z
SDZT;SP0461;Pravda;Barueri;SP; 23 29 50S; 046 50 47W;-23.4972;-46.8464;VFR;PRIV;2018-11-22Z
SDGS;SP0339;Bertolucci;São Paulo;SP; 23 35 09.08S; 046 40 49.44W;-23.5858;-46.6803;VFR;PRIV;2024-01-04Z
SDHV;SP0349;Hospital Albert Einstein;São Paulo;SP;23 36 01S;046 42 55W;-23.6003;-46.7153;VFR;PRIV;2018-07-19Z
SWMF;SP0816;Higienópolis Medical Center;São Paulo;SP; 23 33 00S; 046 39 31W;-23.55;-46.6586;VFR;PRIV;2019-07-04Z
SJAO;SP0590;Natura;Cajamar;SP;23 24 15S;046 49 54W;-23.4042;-46.8317;VFR;PRIV;2018-07-19Z
SSVH;SP0786;Henri Dunant;São Paulo;SP;23 37 38S;046 41 55W;-23.6272;-46.6986;VFR;PRIV;2018-07-19Z
SDYZ;SP0455;Kuka;São Paulo;SP;23 34 09S;046 36 05W;-23.5692;-46.6014;VFR DIURNA;PRIV;2018-07-19Z
SDHG;SP0344;Málaga;Osasco;SP; 23 28 54S; 046 46 41W;-23.4817;-46.7781;VFR;PRIV;2018-07-19Z
SD2H;SP1090;Torre Jequitibá;São Paulo;SP; 23 37 31S; 046 42 21W;-23.6253;-46.7058;VFR;PRIV;2021-02-11Z
SIUD;SP0558;Monte Horebe;São Paulo;SP;23 32 19S;046 36 27W;-23.5386;-46.6075;VFR;PRIV;2018-07-19Z
SDJU;SP0367;Hospital São Luiz;São Paulo;SP; 23 35 26S; 046 40 23W;-23.5906;-46.6731;VFR;PRIV;2023-11-09Z
SJTY;SP0664;Tivoli Mofarrej;São Paulo;SP;23 33 51S;046 39 21W;-23.5642;-46.6558;VFR;PRIV;2018-07-19Z
SNQH;SP0723;Wheaton;São Bernardo do Campo;SP; 23 42 55S; 046 34 02W;-23.7153;-46.5672;VFR;PRIV;2019-02-07Z
SWRV;SP0828;Rochaverá - Alfa;São Paulo;SP; 23 37 22S; 046 42 02W;-23.6228;-46.7006;VFR;PRIV;2023-10-12Z
SDSX;SP0420;ITM Expo;São Paulo;SP; 23 31 34S; 046 44 38W;-23.5261;-46.7439;VFR;PRIV;2023-06-15Z
SIDE;SP0479;Polícia Federal;São Paulo;SP;23 30 41S;046 42 16W;-23.5114;-46.7044;VFR;PRIV;2018-07-19Z
SDQV;SP0411;Pavão;Guarulhos;SP;23 25 58S;046 24 38W;-23.4328;-46.4106;VFR;PRIV;2018-07-19Z
SDWT;SP0442;World Trade Center;São Paulo;SP;23 36 33S;046 41 46W;-23.6092;-46.6961;VFR;PRIV;2018-07-19Z
SIEE;SP0483;Ecovias Imigrantes;São Bernardo do Campo;SP; 23 47 04.11S; 046 35 47.66W;-23.7844;-46.5964;VFR;PRIV;2018-07-19Z
SJBG;SP0594;Birmann 31;São Paulo;SP;23 35 24S;046 40 55W;-23.59;-46.6819;VFR;PRIV;2018-07-19Z
SJWC;SP0672;Cometa Vila Maria;São Paulo;SP; 23 31 02.02S; 046 34 45.17W;-23.5172;-46.5792;VFR;PRIV;2026-01-01Z
SSQV;SP0771;UNICID - Universidade Cidade de São Paulo;São Paulo;SP;23 32 10S;046 33 34W;-23.5361;-46.5594;VFR;PRIV;2018-07-19Z
SILV;SP0524;VOCP;São Paulo;SP;23 35 40S;046 41 20W;-23.5944;-46.6889;VFR;PRIV;2018-07-19Z
SIGK;SP0493;CD Guarulhos;Guarulhos;SP;23 26 48S;046 26 40W;-23.4467;-46.4444;VFR;PRIV;2018-07-19Z
SIYT;SP0578;Office Tower Itaim;São Paulo;SP; 23 34 52.34S; 046 40 46.04W;-23.5811;-46.6794;VFR;PRIV;2024-08-15Z
SNVT;SP0734;Pires do Rio;São Caetano do Sul;SP;23 36 55S;046 32 48W;-23.6153;-46.5467;VFR DIURNA;PRIV;2018-07-19Z
SJRZ;SP0656;João Domingues de Araújo;São Paulo;SP;23 36 17S;046 41 38W;-23.6047;-46.6939;VFR;PRIV;2018-07-19Z
SILX;SP0525;Locar;Guarulhos;SP;23 28 16S;046 29 00W;-23.4711;-46.4833;VFR;PRIV;2018-07-19Z
SDAT;SP0291;Hospital e Maternidade Vitória;São Paulo;SP;23 33 47S;046 33 42W;-23.5631;-46.5617;VFR;PRIV;2018-07-19Z
SJZU;SP0686;Seculum;São Paulo;SP; 23 35 01.65S; 046 41 02.01W;-23.5836;-46.6839;VFR;PRIV;2024-10-17Z
SDJW;SP0368;Rede D'Or São Luiz Morumbi;São Paulo;SP; 23 35 27S; 046 42 12W;-23.5908;-46.7033;VFR;PRIV;2023-08-03Z
SDWB;SP0440;CYK;São Paulo;SP; 23 33 58S; 046 39 06W;-23.5661;-46.6517;VFR;PRIV;2018-07-19Z
SDQC;SP9001;HELPN Quarto COMAR;São Paulo;SP; 23 33 50S; 046 36 45W;-23.5639;-46.6125;VFR DIURNA;MIL;2018-07-19Z
SILF;SP0520;New Century;São Paulo;SP; 23 35 15S; 046 40 49W;-23.5875;-46.6803;VFR;PRIV;2023-08-17Z
SNPH;SP0720;Rei da Pamonha;São Paulo;SP;23 26 42S;046 45 25W;-23.445;-46.7569;VFR;PRIV;2018-07-19Z
SJOZ;SP0644;Faria Lima Square;São Paulo;SP;23 35 19S;046 40 58W;-23.5886;-46.6828;VFR;PRIV;2024-10-24Z
SDHQ;SP0347;Shopping Leste Aricanduva;São Paulo;SP; 23 34 01.70S; 046 30 19.69W;-23.5669;-46.5053;VFR DIURNA;PRIV;2025-05-22Z
SDHW;SP0350;Hospital Bandeirantes;São Paulo;SP; 23 33 27S; 046 38 05W;-23.5575;-46.6347;VFR;PRIV;2022-03-24Z
SDOF;SP0393;Edifício Palladio;São Paulo;SP; 23 35 41.91S; 046 41 08.48W;-23.5947;-46.6856;VFR;PRIV;2018-07-19Z
SDMZ;SP0387;Mercedes-Benz do Brasil ;São Bernardo do Campo;SP;23 39 48S;046 34 46W;-23.6633;-46.5794;VFR;PRIV;2018-07-19Z
SWOU;SP0822;Rede Globo 2;São Paulo;SP;23 36 54S;046 41 54W;-23.615;-46.6983;VFR;PRIV;2023-02-09Z
SDSN;SP0417;São Luiz;São Paulo;SP;23 35 26S;046 41 12W;-23.5906;-46.6867;VFR;PRIV;2020-08-06Z
SSYH;SP0791;Hospital Autódromo José Carlos Pace;São Paulo;SP;23 42 00S;046 41 43W;-23.7;-46.6953;VFR;PRIV;2018-07-19Z
SIRY;SP0547;Hiper-Bergamini;São Paulo;SP; 23 27 56.95S; 046 34 54.79W;-23.4656;-46.5817;VFR;PRIV;2024-08-01Z
SDNN;SP0389;Birmann 21;São Paulo;SP; 23 33 55S; 046 42 08W;-23.5653;-46.7022;VFR;PRIV;2018-10-25Z
SDFM;SP0327;DJY;São Paulo;SP; 23 35 50.75S; 046 41 07.53W;-23.5972;-46.6853;VFR;PRIV;2024-09-19Z
SJYB;SP0680;Thabor;Caieiras;SP;23 24 39S;046 40 12W;-23.4108;-46.67;VFR;PRIV;2018-07-19Z
SIBH;SP0467;Helicidade;São Paulo;SP;23 32 48 S;046 44 13W;-23.5467;-46.7369;VFR;PRIV;2021-08-12Z
SSKL;SP0756;JK 1455;São Paulo;SP; 23 35 27S; 046 40 57W;-23.5908;-46.6825;VFR;PRIV;2020-05-14Z
SDPT;SP0407;Parque Paulista;São Paulo;SP;23 33 37S;046 39 33W;-23.5603;-46.6592;VFR;PRIV;2018-07-19Z
SDHA;SP9003;HELPN HASP;São Paulo;SP; 23 30 48S; 046 38 39W;-23.5133;-46.6442;VFR DIURNA;MIL;2023-10-17Z
SSWD;SP0788;Plaza II;São Paulo;SP; 23 36 40S; 046 41 46W;-23.6111;-46.6961;VFR;PRIV;2021-07-08Z
SIAV;SP0464;Helipark;Carapicuíba;SP;23 33 53S;046 49 49W;-23.5647;-46.8303;VFR;PRIV;2018-07-19Z
SDYA;SP0449;Carmo Couri;São Paulo;SP; 23 35 46S; 046 41 14W;-23.5961;-46.6872;VFR DIURNA;PRIV;2023-07-06Z
SDPL;SP0403;Ibirapuera Park Hotel Ltda;São Paulo;SP;23 35 34S;046 38 58W;-23.5928;-46.6494;VFR;PRIV;2018-07-19Z
SDKT;SP0375;Edifício Dacon;São Paulo;SP;23 34 50S;046 41 02W;-23.5806;-46.6839;VFR;PRIV;2018-07-19Z
SITK;SP0553;Jomarca;Guarulhos;SP;23 28 02S;046 29 09W;-23.4672;-46.4858;VFR DIURNA;PRIV;2018-07-19Z
SNLR;SP0713;Itautec;São Paulo;SP; 23 31 53S; 046 34 20W;-23.5314;-46.5722;VFR;PRIV;2021-06-17Z
SJWZ;SP0676;E-Tower;São Paulo;SP;23 35 38S;046 41 25W;-23.5939;-46.6903;VFR;PRIV;2018-07-19Z
SD6Q;SP1110;Parque da Cidade Torre B2;São Paulo;SP; 23 37 30S; 046 42 15W;-23.625;-46.7042;VFR;PRIV;2021-03-18Z
SIBS;SP0470;E-Business Bosque;São Paulo;SP;23 30 43S;046 42 37W;-23.5119;-46.7103;VFR;PRIV;2018-07-19Z
SNIA;SP0706;Arujá;Arujá;SP;23 23 39S;046 21 16W;-23.3942;-46.3544;VFR DIURNA;PRIV;2018-07-19Z
SNSQ;SP0730;Centro Empresarial Nações Unidas-Torre Norte;São Paulo;SP;23 36 37S;046 41 47W;-23.6103;-46.6964;VFR;PRIV;2018-07-19Z
SDPO;SP0405;Plaza Centenário;São Paulo;SP; 23 36 19S; 046 41 45W;-23.6053;-46.6958;VFR DIURNA;PRIV;2023-12-21Z
SNAZ;SP0690;Amazônia;Barueri;SP;23 29 34S;046 50 59W;-23.4928;-46.8497;VFR;PRIV;2018-07-19Z
SWKM;SP0815;Castelo Branco Office Park - Torre II;Barueri;SP;23 30 19S;046 50 15W;-23.5053;-46.8375;VFR;PRIV;2018-07-19Z
SIJF;SP0511;Edifício Faria Lima Financial Center;São Paulo;SP;23 35 10S;046 41 00W;-23.5861;-46.6833;VFR;PRIV;2018-07-19Z
SDKY;SP0379;Hospital das Clínicas;São Paulo;SP; 23 33 29S; 046 40 09W;-23.5581;-46.6692;VFR;PRIV;2023-06-22Z
SDHI;SP0345;Hospital Edmundo Vasconcelos;São Paulo;SP; 23 35 43S; 046 39 09W;-23.5953;-46.6525;VFR;PRIV;2021-04-15Z
SILK;SP0521;O Estado de São Paulo;São Paulo;SP; 23 30 46S; 046 40 18W;-23.5128;-46.6717;VFR;PRIV;2023-06-01Z
SIHK;SP0500;Hospital Santa Catarina;São Paulo;SP; 23 34 08S; 046 38 44W;-23.5689;-46.6456;VFR;PRIV;2023-11-02Z
SDUI;SP0430;Centro Empresarial Iudice;São Paulo;SP;23 30 49S;046 41 41W;-23.5136;-46.6947;VFR;PRIV;2018-10-11Z
SSUH;SP0781;Helinorte;São Paulo;SP;23 24 54S;046 34 50W;-23.415;-46.5806;VFR DIURNA;PRIV;2018-07-19Z
SICG;SP0473;Rede TV;Osasco;SP;23 31 15S;046 45 47W;-23.5208;-46.7631;VFR;PRIV;2018-07-19Z
SJVC;SP0669;Vivicon;São Paulo;SP;23 30 47S;046 40 02W;-23.5131;-46.6672;VFR;PRIV;2018-07-19Z
SIDA;SP0478;Edifício Dakota;São Paulo;SP;23 35 40S;046 41 01W;-23.5944;-46.6836;VFR;PRIV;2018-07-19Z
SIJD;SP0510;João Dias;São Paulo;SP;23 38 37S;046 43 04W;-23.6436;-46.7178;VFR;PRIV;2018-07-19Z
SJFC;SP0617;Federação do Comércio do Estado de São Paulo;São Paulo;SP; 23 33 30S; 046 39 08W;-23.5583;-46.6522;VFR;PRIV;2020-09-10Z
SNSZ;SP1222;Miss Silvia Morizono;São Paulo;SP; 23 35 32S; 046 40 52W;-23.5922;-46.6811;VFR;PRIV;2019-11-07Z
SIYZ;SP0580;Condomínio Edifício Berrini 1681;São Paulo;SP;23 36 41S;046 41 40W;-23.6114;-46.6944;VFR;PRIV;2018-07-19Z
SDEY;SP0323;Imigrantes;Diadema;SP;23 41 20S;046 36 19W;-23.6889;-46.6053;VFR DIURNA;PRIV;2018-07-19Z
SDLF;SP0381;SBT;Osasco;SP; 23 28 36S; 046 46 41W;-23.4767;-46.7781;VFR;PRIV;2019-07-18Z
SDGO;SP0338;Braspress;Guarulhos;SP;23 27 15S;046 29 08W;-23.4542;-46.4856;VFR;PRIV;2018-07-19Z
SDEF;SP0315;Eco Fly;Ferraz de Vasconcelos;SP;23 31 56S;046 23 10W;-23.5322;-46.3861;VFR;PRIV;2018-07-19Z
SWOP;SP0821;APTA;São Bernardo do Campo;SP;23 46 05S;046 35 34W;-23.7681;-46.5928;VFR;PRIV;2018-07-19Z
SDII;SP0354;iTower;Barueri;SP;23 30 17S;046 50 58W;-23.5047;-46.8494;VFR;PRIV;2018-07-19Z
SSPQ;SP0768;Hospital da Polícia Militar;São Paulo;SP;23 28 13S;046 37 10W;-23.4703;-46.6194;VFR;PRIV;2018-07-19Z
SDRN;SP0415;Zarzur;São Paulo;SP; 23 34 12S; 046 41 31W;-23.57;-46.6919;VFR;PRIV;2018-07-19Z
SNBQ;SP0692;Bela Cintra;São Paulo;SP; 23 33 14S; 046 39 31W;-23.5539;-46.6586;VFR;PRIV;2021-12-16Z
SIRZ;SP0548;Condomínio Faria Lima - Pinheiros;São Paulo;SP;23 34 10S;046 41 28W;-23.5694;-46.6911;VFR;PRIV;2022-06-02Z
SJXK;SP0677;Eldorado;São Paulo;SP;23 34 23S;046 41 51W;-23.5731;-46.6975;VFR;PRIV;2021-06-03Z
SIKT;SP0519;Joaquim Floriano;São Paulo;SP;23 34 59S;046 40 16W;-23.5831;-46.6711;VFR;PRIV;2018-07-19Z
SJRQ;SP0654;Hospital São Camilo Pompéia;São Paulo;SP;23 32 02S;046 41 18W;-23.5339;-46.6883;VFR;PRIV;2018-07-19Z
SDTJ;SP0424;Edifício Atrium V;São Paulo;SP; 23 35 41.22S; 046 41 05.76W;-23.5947;-46.6847;VFR;PRIV;2021-02-04Z
SJBO;SP0599;EZ Towers B;São Paulo;SP;23 37 38S;046 42 06W;-23.6272;-46.7017;VFR;PRIV;2018-07-19Z
SIYU;SP0579;Edifício Ronaldo Sampaio Ferreira;São Paulo;SP;23 36 06S;046 41 31W;-23.6017;-46.6919;VFR;PRIV;2018-07-19Z
SDON;SP0397;Ônix;São Paulo;SP;23 33 05S;046 43 20W;-23.5514;-46.7222;VFR;PRIV;2018-07-19Z
SNRW;SP0729;Reik Morumbi;São Paulo;SP; 23 35 52S; 046 42 26W;-23.5978;-46.7072;VFR DIURNA;PRIV;2018-07-19Z
SDMT;SP0386;Banco Bradesco Av. Paulista;São Paulo;SP;23 33 44S;046 39 18W;-23.5622;-46.655;VFR;PRIV;2018-07-19Z
SDRB;SP0414;Renaissance Hotel;São Paulo;SP; 23 33 31.94S; 046 39 44.12W;-23.5586;-46.6622;VFR;PRIV;2024-07-25Z
SDIW;SP0358;Edifício São Paulo Trade Building;São Paulo;SP; 23 35 39S; 046 41 22W;-23.5942;-46.6894;VFR;PRIV;2018-07-19Z
SNIL;SP0847;HBR Lead Corporate Faria Lima;São Paulo;SP; 23 35 31S; 046 40 49W;-23.5919;-46.6803;VFR;PRIV;2019-03-14Z
SDAW;SP0292;Banco Industrial;São Paulo;SP;23 35 31S;046 41 08W;-23.5919;-46.6856;VFR DIURNA;PRIV;2018-07-19Z
SD3T;SP1254;Trimais Center;São Paulo;SP; 23 28 43S; 046 36 37W;-23.4786;-46.6103;VFR;PRIV;2024-04-23Z
SDZE;SP0458;Ita;Itapecerica da Serra;SP;23 42 05S;046 49 43W;-23.7014;-46.8286;VFR;PRIV;2018-07-19Z
SJEB;SP0612;Millennium Office Park;São Paulo;SP;23 35 35S;046 41 23W;-23.5931;-46.6897;VFR;PRIV;2018-07-19Z
SSHJ;SP0750;JC;Osasco;SP;23 32 02S;046 46 56W;-23.5339;-46.7822;VFR;PRIV;2018-07-19Z
SWHX;SP0812;Conjunto Hospitalar do Mandaqui;São Paulo;SP;23 29 06S;046 37 50W;-23.485;-46.6306;VFR;PRIV;2023-09-21Z
SDOC;SP0392;Hospital do Coração;São Paulo;SP; 23 34 23S; 046 38 37W;-23.5731;-46.6436;VFR;PRIV;2022-11-17Z
SDZR;SP0460;SESI-FIESP;São Paulo;SP; 23 33 49S; 046 39 17W;-23.5636;-46.6547;VFR;PRIV;2019-01-31Z
SIBB;SP0465;Edifício Comendador Alberto Bonfiglioli;São Paulo;SP;23 33 52S;046 39 07W;-23.5644;-46.6519;VFR;PRIV;2018-07-19Z
SDKG;SP0371;Francisco Mellão;São Paulo;SP;23 35 37S;046 41 19W;-23.5936;-46.6886;VFR;PRIV;2018-07-19Z
SJTD;SP0661;Plaza JK;São Paulo;SP;23 35 27S;046 41 06W;-23.5908;-46.685;VFR;PRIV;2018-07-19Z
SSQX;SP0773;Frei Caneca Shopping;São Paulo;SP;23 33 14S;046 39 10W;-23.5539;-46.6528;VFR;PRIV;2018-07-19Z
SDKV;SP0377;Rede Globo;São Paulo;SP;23 36 53S;046 41 49W;-23.6147;-46.6969;VFR;PRIV;2018-07-19Z
SDTG;SP0423;Edifício Atrium IV;São Paulo;SP; 23 35 35S; 046 41 12W;-23.5931;-46.6867;VFR;PRIV;2020-01-23Z
SWTE;SP0831;WEST SIDE;Barueri;SP;23 30 13S;046 50 58W;-23.5036;-46.8494;VFR;PRIV;2024-02-22Z
SJRM;SP0653;Monte das Oliveiras;Santo André;SP;23 39 56S;046 31 15W;-23.6656;-46.5208;VFR;PRIV;2018-07-19Z
SDPS;SP0406;Hospital Estadual Mário Covas;Santo André;SP;23 40 15S;046 31 58W;-23.6708;-46.5328;VFR;PRIV;2018-07-19Z
SNDK;SP0694;C.T.O. Itaú;São Paulo;SP; 23 33 28S; 046 36 56W;-23.5578;-46.6156;VFR;PRIV;2021-04-22Z
SSCS;SP0745;Continental Square;São Paulo;SP; 23 35 44,81S; 046 41 02,41W;-23.5956;-46.6839;VFR;PRIV;2024-03-14Z
SDEI;SP0317;Canopus Corporate Alphaville;Barueri;SP;23 30 14S;046 50 41W;-23.5039;-46.8447;VFR;PRIV;2018-07-19Z
SIJX;SP0513;Internacional Plaza;São Paulo;SP; 23 35 29S; 046 40 54W;-23.5914;-46.6817;VFR;PRIV;2021-01-07Z
SJDD;SP0608;Jardim das Perdizes;São Paulo;SP; 23 31 12S; 046 40 48W;-23.52;-46.68;VFR;PRIV;2018-09-20Z
SWTF;SP0832;JBS;São Paulo;SP; 23 30 49.40S; 046 43 51.82W;-23.5136;-46.7308;VFR;PRIV;2024-08-08Z
SJWJ;SP0673;HPE;São Paulo;SP;23 40 12S;046 42 11W;-23.67;-46.7031;VFR;PRIV;2018-07-19Z
SDSZ;SP0421;Banco Safra;São Paulo;SP;23 33 29S;046 39 35W;-23.5581;-46.6597;VFR;PRIV;2019-12-26Z
SJMG;SP0634;Mega Mix;São Paulo;SP;23 32 09S;046 37 07W;-23.5358;-46.6186;VFR;PRIV;2018-07-19Z
SITO;SP0554;Berrini One;São Paulo;SP;23 35 54S;046 41 26W;-23.5983;-46.6906;VFR;PRIV;2018-07-19Z
SDBF;SP0295;Porto Seguro;São Paulo;SP;23 31 49S;046 38 43W;-23.5303;-46.6453;VFR;PRIV;2018-07-19Z
SIHD;SP0499;Divena;São Paulo;SP;23 35 54S;046 37 20W;-23.5983;-46.6222;VFR;PRIV;2018-07-19Z
SIGO;SP0495;Condomínio Edifício Paulista Plaza;São Paulo;SP;23 34 25S;046 38 31W;-23.5736;-46.6419;VFR;PRIV;2018-07-19Z
SDMI;SP9005;HELPN do Comando do 8º Distrito Naval;São Paulo;SP; 23 35 37S; 046 38 47W;-23.5936;-46.6464;VFR;MIL;2023-06-15Z
SJQH;SP0650;Hospital de Clínicas Municipal;São Bernardo do Campo;SP;23 43 59S;046 34 40W;-23.7331;-46.5778;VFR;PRIV;2018-07-19Z
SDLB;SP0380;Metropolitan Office;São Paulo;SP;23 34 52S;046 40 58W;-23.5811;-46.6828;VFR;PRIV;2022-01-13Z
SDEA;SP0313;Edifício HSBC Tower;São Paulo;SP;23 34 59S;046 41 02W;-23.5831;-46.6839;VFR;PRIV;2018-07-19Z
SBOP;SP1309;Arena Corinthians;São Paulo;SP; 23 32 39S; 046 28 40W;-23.5442;-46.4778;VFR;PRIV;2020-10-29Z
SNRE;SP0725;Ellece;Guarulhos;SP;23 28 20S;046 25 58W;-23.4722;-46.4328;VFR;PRIV;2018-07-19Z
SNNS;SP0860;VLI Tiplam;Santos;SP; 23 52 15S; 046 21 57W;-23.8708;-46.3658;VFR;PRIV;2024-08-22Z
SDFV;SP0331;Federação Paulista de Futebol;São Paulo;SP; 23 31 20S; 046 40 02W;-23.5222;-46.6672;VFR;PRIV;2021-07-08Z
SDVU;SP0437;Conde Francisco Matarazzo;São Paulo;SP; 23 33 48S; 046 39 10W;-23.5633;-46.6528;VFR;PRIV;2018-12-06Z
SD6M;SP1094;Parque da Cidade Torre B1;São Paulo;SP; 23 37 30S; 046 42 18W;-23.625;-46.705;VFR;PRIV;2021-03-18Z
SDYV;SP0454;SECOVI;São Paulo;SP; 23 36 13.08S; 046 38 53.61W;-23.6036;-46.6481;VFR;PRIV;2025-02-20Z
SSZE;SP0792;Banco Sofisa;São Paulo;SP;23 33 46S;046 39 21W;-23.5628;-46.6558;VFR;PRIV;2021-07-15Z
SDEU;SP0320;Empresarial Anhanguera;Cajamar;SP;23 23 05S;046 49 54W;-23.3847;-46.8317;VFR DIURNA;PRIV;2018-07-19Z
SSXE;SP0856;Monumental Business;São Caetano do Sul;SP; 23 36 53S; 046 34 09W;-23.6147;-46.5692;VFR;PRIV;2019-08-08Z
SDBM;SP0298;Beneficência Portuguesa;São Paulo;SP; 23 34 04S; 046 38 29W;-23.5678;-46.6414;VFR;PRIV;2018-07-19Z
SDIA;SP0353;Cidade;São Paulo;SP;23 32 45S;046 37 57W;-23.5458;-46.6325;VFR;PRIV;2018-07-19Z
SIMM;SP0529;Edifício Corporate Park;São Paulo;SP; 23 35 15S; 046 40 20W;-23.5875;-46.6722;VFR;PRIV;2019-02-07Z
SJIW;SP0628;Helicenter Alphaville;Santana de Parnaíba;SP; 23 28 31S; 046 49 43W;-23.4753;-46.8286;VFR;PRIV;2022-11-03Z
SSQY;SP0774;Centro Empresarial de São Paulo;São Paulo;SP;23 39 04S;046 43 40W;-23.6511;-46.7278;VFR;PRIV;2024-04-25Z
SDMN;SP0385;Continental Tower;São Paulo;SP;23 36 06S;046 41 57W;-23.6017;-46.6992;VFR;PRIV;2018-07-19Z
SDTN;SP0426;REC Berrini TNU;São Paulo;SP; 23 36 28.92S; 046 41 48.13W;-23.6078;-46.6967;VFR;PRIV;2026-01-01Z
SDUJ;SP0431;Millennium;São Paulo;SP; 23 35 00S; 046 41 00W;-23.5833;-46.6833;VFR;PRIV;2022-05-12Z
SNDM;SP0695;Karina;Guarulhos;SP;23 26 24S;046 26 05W;-23.44;-46.4347;VFR;PRIV;2018-07-19Z
SJNS;SP0636;Grupo Souza Lima ;São Paulo;SP;23 32 05S;046 32 40W;-23.5347;-46.5444;VFR;PRIV;2018-07-19Z
SDDS;SP0311;Sucupira;São Paulo;SP; 23 37 27S; 046 42 12W;-23.6242;-46.7033;VFR;PRIV;2018-10-11Z
SDDG;SP0308;Hospital Samaritano;São Paulo;SP; 23 32 19S; 046 39 45W;-23.5386;-46.6625;VFR;PRIV;2018-07-19Z
SWNI;SP0819;Hospital e Maternidade Santa Marina;São Paulo;SP;23 39 25S;046 39 10W;-23.6569;-46.6528;VFR;PRIV;2018-07-19Z
SIRO;SP0545;Maksoud Plaza;São Paulo;SP;23 33 47S;046 39 04W;-23.5631;-46.6511;VFR;PRIV;2018-07-19Z
SJPB;SP0645;Guarapiranga Golf;São Paulo;SP; 23 47 15S; 046 46 54W;-23.7875;-46.7817;VFR;PRIV;2022-05-12Z
SIPZ;SP0541;Papaiz;Diadema;SP;23 40 35S;046 37 05W;-23.6764;-46.6181;VFR DIURNA;PRIV;2018-07-19Z
SIGV;SP0497;Rede Record;São Paulo;SP; 23 31 25S; 046 39 45W;-23.5236;-46.6625;VFR;PRIV;2024-03-21Z
SDJP;SP0365;Igreja Mundial do Poder de Deus - IMPD;São Paulo;SP; 23 33 03S; 046 37 15W;-23.5508;-46.6208;VFR;PRIV;2018-12-06Z
SDTU;SP0428;Itaúsa;São Paulo;SP; 23 38 11S; 046 38 31W;-23.6364;-46.6419;VFR;PRIV;2021-04-01Z
SNID;SP0707;ICESP - Instituto do Câncer do Estado de São Paulo;São Paulo;SP; 23 33 22S; 046 40 06W;-23.5561;-46.6683;VFR;PRIV;2022-10-13Z
SSUF;SP0884;Rede D'Or São Luiz Anália Franco;São Paulo;SP; 23 32 56S; 046 33 30W;-23.5489;-46.5583;VFR;PRIV;2019-09-26Z
SNQC;SP0722;IGESP;São Paulo;SP; 23 33 40S; 046 39 03W;-23.5611;-46.6508;VFR DIURNA;PRIV;2021-03-11Z
SJTV;SP0663;Tivoli Center;São Paulo;SP;23 37 43S;046 44 12W;-23.6286;-46.7367;VFR;PRIV;2018-07-19Z
SDKM;SP0373;Hotel Emiliano;São Paulo;SP;23 33 58S;046 39 55W;-23.5661;-46.6653;VFR;PRIV;2018-07-19Z
SDCV;SP0306;Citibank;São Paulo;SP; 23 33 54S; 046 39 13W;-23.565;-46.6536;VFR;PRIV;2022-01-27Z
SDBR;SP0299;REC Berrini;São Paulo;SP; 23 36 30.95S; 046 41 40.43W;-23.6083;-46.6944;VFR;PRIV;2024-09-19Z
SDPM;SP0404;Palácio dos Bandeirantes;São Paulo;SP;23 36 02S;046 42 47W;-23.6006;-46.7131;VFR;PRIV;2018-07-19Z
SWQV;SP0826;Volkswagen;São Bernardo do Campo;SP;23 43 46S;046 32 59W;-23.7294;-46.5497;VFR;PRIV;2022-12-22Z
SIKF;SP0516;Plaza Iguatemi;São Paulo;SP;23 34 36S;046 41 12W;-23.5767;-46.6867;VFR;PRIV;2018-07-19Z
SIIR;SP0506;Brascan Century Plaza;São Paulo;SP;23 35 03S;046 40 32W;-23.5842;-46.6756;VFR;PRIV;2018-07-19Z
SIXS;SP0574;EZ Towers A;São Paulo;SP;23 37 37S;046 42 09W;-23.6269;-46.7025;VFR;PRIV;2018-07-19Z
SDGZ;SP0341;Bradesco Cidade de Deus;Osasco;SP; 23 32 58S; 046 46 20W;-23.5494;-46.7722;VFR;PRIV;2021-08-19Z
SDCY;SP0307;São Paulo Corporate Towers;São Paulo;SP; 23 35 30S; 046 41 16W;-23.5917;-46.6878;VFR;PRIV;2022-01-20Z
SWCX;SP0866;Icon Realty Cajamar;Cajamar;SP; 23 22 34S; 046 50 34W;-23.3761;-46.8428;VFR;PRIV;2020-08-13Z
SJII;SP0626;Silva Jardim;São Bernardo do Campo;SP; 23 42 48S; 046 32 49W;-23.7133;-46.5469;VFR;PRIV;2018-11-08Z
SDBH;SP0296;Bandeirantes;São Paulo;SP;23 35 43S;046 42 39W;-23.5953;-46.7108;VFR DIURNA;PRIV;2024-03-28Z
SWHH;SP0808;Banco Santander;São Paulo;SP; 23 35 27S; 046 41 27W;-23.5908;-46.6908;VFR;PRIV;2021-03-04Z
SDDH;SP0309;Birmann 29;São Paulo;SP;23 35 19S;046 40 52W;-23.5886;-46.6811;VFR;PRIV;2018-07-19Z
SDEL;SP0319;Condomínio Edifício Spazio JK;São Paulo;SP;23 35 28S;046 41 08W;-23.5911;-46.6856;VFR;PRIV;2018-07-19Z
SIBG;SP0466;Banco Induscred;São Paulo;SP; 23 33 52S; 046 39 21W;-23.5644;-46.6558;VFR;PRIV;2023-12-28Z
SDXQ;SP0445;Internacional Plaza II;São Paulo;SP; 23 35 28S; 046 40 56W;-23.5911;-46.6822;VFR;PRIV;2018-10-25Z
SWYD;SP0841;Spazio Faria Lima;São Paulo;SP; 23 35 07S; 046 40 56W;-23.5853;-46.6822;VFR;PRIV;2022-03-31Z
SSAW;SP0743;West Gate;Barueri;SP;23 30 10S;046 50 53W;-23.5028;-46.8481;VFR DIURNA;PRIV;2018-07-19Z
SDJK;SP0363;Centro Empresarial Araguaia;Barueri;SP;23 30 07S;046 50 31W;-23.5019;-46.8419;VFR;PRIV;2018-07-19Z
SDFW;SP0332;Condomínio Edifício San Paolo;São Paulo;SP;23 34 30S;046 41 16W;-23.575;-46.6878;VFR;PRIV;2018-07-19Z
SDTC;SP0422;Edifício Edel Trade Center;São Paulo;SP; 23 36 09.29S; 046 39 38.02W;-23.6025;-46.6606;VFR;PRIV;2018-07-19Z
SDAP;SP0290;Hospital Paulistano;São Paulo;SP;23 33 55S;046 38 32W;-23.5653;-46.6422;VFR;PRIV;2022-11-17Z
SIIH;SP0504;Torre 2000;São Paulo;SP;23 34 00S;046 41 11W;-23.5667;-46.6864;VFR;PRIV;2018-07-19Z
SDDY;SP0312;Cesari;Cubatão;SP;23 49 25S;046 22 04W;-23.8236;-46.3678;VFR;PRIV;2018-07-19Z
SSUN;SP0783;Terminal Petrobrás de Guarulhos;Guarulhos;SP;23 28 14S;046 26 50W;-23.4706;-46.4472;VFR DIURNA;PRIV;2018-07-19Z
SSXK;SP0789;Kartódromo Ayrton Senna;São Paulo;SP; 23 42 11S; 046 41 33W;-23.7031;-46.6925;VFR;PRIV;2023-04-06Z
SDOT;SP0399;Attilio Tinelli;São Paulo;SP; 23 36 09S; 046 41 37W;-23.6025;-46.6936;VFR;PRIV;2018-09-13Z
SJES;SP0615;Main Estate;Guarulhos;SP;23 27 29S;046 28 18W;-23.4581;-46.4717;VFR;PRIV;2018-07-19Z
SD3C;SP1329;Thera Corporate;São Paulo;SP; 23 35 56 S; 046 41 24 W;-23.5989;-46.69;VFR;PRIV;2021-05-06Z
SJZY;SP0688;Centro Administrativo Rio Negro;Barueri;SP; 23 30 01.78S; 046 50 55.16W;-23.5003;-46.8486;VFR;PRIV;2018-07-19Z
SDHT;SP0348;Cetenco Plaza - Torre Norte;São Paulo;SP;23 33 32S;046 39 27W;-23.5589;-46.6575;VFR DIURNA;PRIV;2018-07-19Z
SSOV;SP0766;Icon Alphaville;Barueri;SP;23 29 34S;046 50 53W;-23.4928;-46.8481;VFR;PRIV;2018-07-19Z
SJBP;SP0600;Atrium VI.com;São Paulo;SP;23 35 44S;046 41 15W;-23.5956;-46.6875;VFR;PRIV;2023-11-16Z
SSOA;SP0764;Blue Tree Tower Faria Lima;São Paulo;SP;23 35 28S;046 40 51W;-23.5911;-46.6808;VFR;PRIV;2018-07-19Z
SDNR;SP0391;Banco Santander;São Paulo;SP;23 39 08S;046 42 50W;-23.6522;-46.7139;VFR;PRIV;2018-07-19Z
SJGM;SP0619;Quadra Hungria;São Paulo;SP;23 34 30S;046 41 46W;-23.575;-46.6961;VFR;PRIV;2018-07-19Z
SIOW;SP0536;Hospital Alemão Oswaldo Cruz;São Paulo;SP; 23 34 11.33S; 046 38 36.55W;-23.5697;-46.6433;VFR;PRIV;2023-11-23Z
SIMT;SP0530;Pedreira Maria Teresa LTDA;São Vicente;SP;23 55 31S;046 27 42W;-23.9253;-46.4617;VFR;PRIV;2018-07-19Z
SWEG;SP0802;Engevix;Barueri;SP;23 30 09S;046 49 40W;-23.5025;-46.8278;VFR;PRIV;2018-07-19Z
SWEL;SP0849;Limão;São Paulo;SP; 23 30 20S; 046 40 50W;-23.5056;-46.6806;VFR;PRIV;2019-07-18Z
SDVR;SP0436;Pátio Victor Malzoni;São Paulo;SP;23 35 12S;046 40 54W;-23.5867;-46.6817;VFR;PRIV;2018-07-19Z
SDPK;SP0402;Panco I;São Paulo;SP;23 31 41S;046 29 42W;-23.5281;-46.495;VFR;PRIV;2018-07-19Z
SSEJ;SP0747;Moinho Velho;Embu das Artes;SP; 23 37 34S; 046 50 44W;-23.6261;-46.8456;VFR;PRIV;2021-03-18Z
SSUB;SP0779;HBR;Osasco;SP;23 28 43S;046 46 52W;-23.4786;-46.7811;VFR;PRIV;2018-07-19Z
SWNX;SP0871;Tek Nações Unidas;São Paulo;SP; 23 37 01S; 046 42 07W;-23.6169;-46.7019;VFR;PRIV;2021-12-23Z
SJSL;SP0658;Hospital Sírio Libanês II;São Paulo;SP;23 33 26S;046 39 11W;-23.5572;-46.6531;VFR;PRIV;2018-07-19Z
SDGE;SP0334;Casas Bahia;São Caetano do Sul;SP; 23 36 40S; 046 34 15W;-23.6111;-46.5708;VFR;PRIV;2021-05-06Z
SDHB;SP0342;Bradesco;Osasco;SP; 23 32 54S; 046 46 08W;-23.5483;-46.7689;VFR;PRIV;2021-03-18Z
SIBM;SP0468;Hangar ABC;São Caetano do Sul;SP;23 37 01S;046 34 49W;-23.6169;-46.5803;VFR;PRIV;2018-07-19Z
SIQM;SP0542;Morumbi Corporate;São Paulo;SP;23 37 30S;046 42 07W;-23.625;-46.7019;VFR;PRIV;2018-07-19Z
SDAC;SP0286;Aché;Guarulhos;SP; 23 28 29S; 046 31 20W;-23.4747;-46.5222;VFR;PRIV;2020-09-10Z
SDNP;SP0390;Condomínio Conde Matarazzo;São Paulo;SP;23 32 52S;046 38 16W;-23.5478;-46.6378;VFR;PRIV;2018-07-19Z
SJXP;SP0678;Alice Maria Sampaio Ferreira;São Paulo;SP; 23 36 40.23S; 046 41 39.86W;-23.6111;-46.6942;VFR;PRIV;2024-04-04Z
SWSK;SP0829;Akron;São Paulo;SP;23 36  33S;046 36 21 W;-23.6092;-46.6058;VFR DIURNA;PRIV;2018-07-19Z
SN66;SP1428;Birmann 32;São Paulo;SP; 23 35 21S; 046 40 57W;-23.5892;-46.6825;VFR;PRIV;2023-02-23Z
SJ7Y;SP1340;Joli;São Paulo;SP; 23 31 38S; 046 35 13W;-23.5272;-46.5869;VFR DIURNA;PRIV;2023-03-09Z
SIOD;SP0534;DIMEP;São Paulo;SP; 23 31 46S; 046 44 39W;-23.5294;-46.7442;VFR;PRIV;2023-09-28Z
SNMP;SP0882;Hospital Alvorada Moema;São Paulo;SP; 23 36 04S; 046 39 40W;-23.6011;-46.6611;VFR;PRIV;2023-12-05Z
SJ9Q;SP1370;Caio - Induscar Indústria e Comércio de Carrocerias Ltda;Guarulhos;SP; 23 27 01S; 046 27 33W;-23.4503;-46.4592;VFR;PRIV;2023-04-20Z
SN2Z;SP1456;Subprefeitura de Parelheiros;São Paulo;SP; 23 48 59S; 046 44 12W;-23.8164;-46.7367;VFR;PRIV;2023-08-10Z
SI49;SP1185;WT Morumbi;São Paulo;SP; 23 37 25S; 046 42 07W;-23.6236;-46.7019;VFR;PRIV;2022-03-31Z
SDN3;SP9009;Hospital Militar da Área de São Paulo - HMASP;São Paulo;SP; 23 34 13S; 046 36 51W;-23.5703;-46.6142;VFR;MIL;2025-08-28Z
SI8S;SP1297;Comando G8;São Paulo;SP; 23 28 22S; 046 38 23W;-23.4728;-46.6397;VFR DIURNA;PRIV;2022-08-25Z
SI74;SP1280;Company;São Paulo;SP; 23 34 22S; 046 42 12W;-23.5728;-46.7033;VFR;PRIV;2022-07-07Z
SIR6;SP1438;Guarapiranga;São Paulo;SP; 23 41 56.35S; 046 42 57.41W;-23.6989;-46.7158;VFR;PRIV;2024-04-11Z
SS4B;SP0864;Avenida Consolação 1601;São Paulo;SP; 23 33 05.36S; 046 39 20.48W;-23.5514;-46.6556;VFR;PRIV;2024-08-29Z
SS6Y;SP1228;Faria lima Plaza;São Paulo;SP; 23 33 58.70S; 046 41 36.09W;-23.5661;-46.6933;VFR;PRIV;2025-06-12Z
